segment_id,file,start_frame,end_frame,start_s,end_s,duration_s,view_dist,motion
1,seg_0001.mp4,17478,18103,582.6,603.433,20.833,3.87,0.21
2,seg_0002.mp4,18586,19480,619.533,649.333,29.8,1.74,0.243
3,seg_0003.mp4,20186,21176,672.867,705.867,33.0,1.76,0.3
4,seg_0004.mp4,22159,22301,738.633,743.367,4.733,1.75,0.193
5,seg_0005.mp4,22787,22969,759.567,765.633,6.067,1.72,0.254
6,seg_0006.mp4,23456,23587,781.867,786.233,4.367,1.76,0.222
7,seg_0007.mp4,23958,24270,798.6,809.0,10.4,1.71,0.213
8,seg_0008.mp4,24720,25028,824.0,834.267,10.267,1.79,0.335
9,seg_0009.mp4,25702,26208,856.733,873.6,16.867,1.76,0.307
10,seg_0010.mp4,27317,27439,910.567,914.633,4.067,1.75,0.213
11,seg_0011.mp4,27746,28037,924.867,934.567,9.7,1.7,0.239
12,seg_0012.mp4,28969,29316,965.633,977.2,11.567,1.81,0.285
13,seg_0013.mp4,30068,30542,1002.267,1018.067,15.8,1.69,0.25
14,seg_0014.mp4,31288,32039,1042.933,1067.967,25.033,1.95,0.307
15,seg_0015.mp4,33184,33806,1106.133,1126.867,20.733,1.69,0.262
16,seg_0016.mp4,34609,34912,1153.633,1163.733,10.1,1.67,0.283
17,seg_0017.mp4,35676,35924,1189.2,1197.467,8.267,1.63,0.266
18,seg_0018.mp4,38092,38342,1269.733,1278.067,8.333,2.07,0.277
19,seg_0019.mp4,39281,39656,1309.367,1321.867,12.5,1.81,0.271
20,seg_0020.mp4,40487,40702,1349.567,1356.733,7.167,1.8,0.279
21,seg_0021.mp4,41011,41303,1367.033,1376.767,9.733,1.74,0.277
22,seg_0022.mp4,41813,42152,1393.767,1405.067,11.3,1.78,0.332
23,seg_0023.mp4,43441,43996,1448.033,1466.533,18.5,1.72,0.309
24,seg_0024.mp4,44795,45588,1493.167,1519.6,26.433,1.59,0.272
25,seg_0025.mp4,47306,47864,1576.867,1595.467,18.6,1.61,0.282
26,seg_0026.mp4,49254,49470,1641.8,1649.0,7.2,1.59,0.202
27,seg_0027.mp4,51089,51494,1702.967,1716.467,13.5,1.53,0.28
28,seg_0028.mp4,52856,53197,1761.867,1773.233,11.367,1.6,0.19
29,seg_0029.mp4,53510,53650,1783.667,1788.333,4.667,1.58,0.255
30,seg_0030.mp4,54037,54494,1801.233,1816.467,15.233,1.55,0.237
31,seg_0031.mp4,54900,55322,1830.0,1844.067,14.067,1.64,0.175
32,seg_0032.mp4,56122,56342,1870.733,1878.067,7.333,1.5,0.207
33,seg_0033.mp4,57018,57598,1900.6,1919.933,19.333,1.52,0.267
34,seg_0034.mp4,59226,59470,1974.2,1982.333,8.133,1.76,0.226
35,seg_0035.mp4,59857,60181,1995.233,2006.033,10.8,1.56,0.285
36,seg_0036.mp4,60581,61181,2019.367,2039.367,20.0,1.53,0.215
37,seg_0037.mp4,61844,61996,2061.467,2066.533,5.067,1.53,0.181
38,seg_0038.mp4,65627,66072,2187.567,2202.4,14.833,3.81,0.2
39,seg_0039.mp4,66515,66948,2217.167,2231.6,14.433,1.7,0.287
40,seg_0040.mp4,68023,68294,2267.433,2276.467,9.033,1.53,0.205
41,seg_0041.mp4,68731,68908,2291.033,2296.933,5.9,1.55,0.213
42,seg_0042.mp4,69452,69830,2315.067,2327.667,12.6,1.64,0.28
43,seg_0043.mp4,70505,71274,2350.167,2375.8,25.633,1.65,0.298
44,seg_0044.mp4,72646,73378,2421.533,2445.933,24.4,1.56,0.28
45,seg_0045.mp4,74887,75067,2496.233,2502.233,6.0,1.52,0.19
46,seg_0046.mp4,75397,75696,2513.233,2523.2,9.967,1.51,0.21
47,seg_0047.mp4,76086,77322,2536.2,2577.4,41.2,1.59,0.276
48,seg_0048.mp4,78846,79339,2628.2,2644.633,16.433,1.55,0.293
49,seg_0049.mp4,79904,80141,2663.467,2671.367,7.9,1.53,0.291
50,seg_0050.mp4,80788,81136,2692.933,2704.533,11.6,1.54,0.176
51,seg_0051.mp4,81976,82284,2732.533,2742.8,10.267,1.54,0.252
52,seg_0052.mp4,83000,83632,2766.667,2787.733,21.067,1.56,0.297
53,seg_0053.mp4,85511,85909,2850.367,2863.633,13.267,1.73,0.296
54,seg_0054.mp4,87041,87841,2901.367,2928.033,26.667,1.54,0.302
55,seg_0055.mp4,88704,89069,2956.8,2968.967,12.167,1.68,0.29
56,seg_0056.mp4,90380,90708,3012.667,3023.6,10.933,1.58,0.32
57,seg_0057.mp4,91103,91428,3036.767,3047.6,10.833,1.62,0.339
58,seg_0058.mp4,92092,92249,3069.733,3074.967,5.233,1.48,0.205
59,seg_0059.mp4,92556,92753,3085.2,3091.767,6.567,1.63,0.197
60,seg_0060.mp4,93082,93746,3102.733,3124.867,22.133,1.61,0.265
61,seg_0061.mp4,94996,95176,3166.533,3172.533,6.0,1.67,0.261
62,seg_0062.mp4,95534,95669,3184.467,3188.967,4.5,1.81,0.255
63,seg_0063.mp4,95962,96497,3198.733,3216.567,17.833,1.61,0.297
64,seg_0064.mp4,97004,97585,3233.467,3252.833,19.367,1.62,0.327
65,seg_0065.mp4,98113,98663,3270.433,3288.767,18.333,1.58,0.269
66,seg_0066.mp4,99364,100061,3312.133,3335.367,23.233,1.6,0.296
67,seg_0067.mp4,100842,101674,3361.4,3389.133,27.733,1.62,0.309
68,seg_0068.mp4,105637,106504,3521.233,3550.133,28.9,3.7,0.283
69,seg_0069.mp4,107744,107965,3591.467,3598.833,7.367,3.77,0.206
70,seg_0070.mp4,108518,108804,3617.267,3626.8,9.533,1.79,0.299
71,seg_0071.mp4,109309,109487,3643.633,3649.567,5.933,1.79,0.168
72,seg_0072.mp4,109892,110662,3663.067,3688.733,25.667,1.7,0.302
73,seg_0073.mp4,111444,112058,3714.8,3735.267,20.467,1.79,0.254
74,seg_0074.mp4,112816,112984,3760.533,3766.133,5.6,1.74,0.226
75,seg_0075.mp4,113494,113728,3783.133,3790.933,7.8,1.93,0.296
76,seg_0076.mp4,114934,115184,3831.133,3839.467,8.333,1.91,0.239
77,seg_0077.mp4,115632,115772,3854.4,3859.067,4.667,1.96,0.201
78,seg_0078.mp4,116224,116477,3874.133,3882.567,8.433,2.04,0.304
79,seg_0079.mp4,117149,117324,3904.967,3910.8,5.833,1.92,0.204
80,seg_0080.mp4,117666,118159,3922.2,3938.633,16.433,1.92,0.299
81,seg_0081.mp4,119636,119956,3987.867,3998.533,10.667,1.96,0.318
82,seg_0082.mp4,121628,123050,4054.267,4101.667,47.4,2.0,0.305
83,seg_0083.mp4,124172,124312,4139.067,4143.733,4.667,2.18,0.245
84,seg_0084.mp4,124783,125134,4159.433,4171.133,11.7,2.03,0.277
85,seg_0085.mp4,126014,126782,4200.467,4226.067,25.6,2.21,0.304
86,seg_0086.mp4,128401,128993,4280.033,4299.767,19.733,2.29,0.304
87,seg_0087.mp4,131916,132380,4397.2,4412.667,15.467,3.48,0.246
88,seg_0088.mp4,133066,133514,4435.533,4450.467,14.933,2.74,0.271
89,seg_0089.mp4,134069,134659,4468.967,4488.633,19.667,2.81,0.29
90,seg_0090.mp4,135169,135430,4505.633,4514.333,8.7,2.8,0.264
91,seg_0091.mp4,136831,137419,4561.033,4580.633,19.6,2.81,0.307
92,seg_0092.mp4,137873,138364,4595.767,4612.133,16.367,2.94,0.329
93,seg_0093.mp4,139628,139993,4654.267,4666.433,12.167,2.86,0.339
94,seg_0094.mp4,140542,140832,4684.733,4694.4,9.667,3.06,0.302
95,seg_0095.mp4,141450,141574,4715.0,4719.133,4.133,2.99,0.17
96,seg_0096.mp4,141848,142000,4728.267,4733.333,5.067,2.98,0.157
97,seg_0097.mp4,142404,142714,4746.8,4757.133,10.333,2.97,0.249
98,seg_0098.mp4,143304,143958,4776.8,4798.6,21.8,2.93,0.278
99,seg_0099.mp4,145202,145370,4840.067,4845.667,5.6,3.2,0.201
100,seg_0100.mp4,145823,146509,4860.767,4883.633,22.867,3.02,0.296
101,seg_0101.mp4,147409,147666,4913.633,4922.2,8.567,2.97,0.119
102,seg_0102.mp4,148036,148661,4934.533,4955.367,20.833,3.15,0.315
103,seg_0103.mp4,149892,150751,4996.4,5025.033,28.633,3.14,0.3
104,seg_0104.mp4,151700,152521,5056.667,5084.033,27.367,3.2,0.275
105,seg_0105.mp4,154337,154642,5144.567,5154.733,10.167,3.29,0.291
